USE BioCoop_InesAtaide 
GO


/******************************
*           Inserts           * 
******************************/

INSERT INTO Cooperativa (Nome, Email, NIF, Telefone, CoordWhat3)
    VALUES
('Cooperativa dos Amigos do Lugarinho, Lda.', 'geral@amigoslugarinho.pt', 511111111, 911111111, '///maré.tacar.úteis'),
('Cooperativa SóFrescos, Lda.', 'mail@sofrescos.com', 522222222, 922222222, '///gelado.terras.feitor'),
('Cooperativa Flaviense, Lda.', 'info@coopflaviense.pt', 533333333, 933333333, '///abaixo.arcar.plurais')
GO

INSERT INTO Categoria (Nome, CodigoCooperativa)
    VALUES
('Frutas e Legumes', 1),
('Frutos Secos e Sementes', 1),
('Tremoços e Azeitonas', 1),
('Ervas Aromáticas e Especiarias', 1),
('Frutas', 2),
('Legumes', 2),
('Frutos Secos', 2),
('Sementes', 2),
('Tremoços e Azeitonas', 2),
('Aromáticos/Especiarias', 2),
('Frutas e Legumes', 3),
('Frutos Secos', 3),
('Sementes', 3),
('Tremoços e Azeitonas', 3),
('Frutas', 1),
('Legumes', 1),
('Amendoins', 1),
('Nozes', 1),
('Outros Frutos Secos', 1),
('Sementes', 1),
('Tremoços', 1),
('Azeitonas', 1),
('Frutas Exóticas', 2),
('Frutas', 3),
('Legumes', 3),
('Cortiça', 1),
('Mel', 1),
('Mel', 2)
GO

INSERT INTO Referir (IdCategoria, IdParentCategoria)
    VALUES
(15, 1),
(16, 1),
(17, 2),
(18, 2),
(19, 2),
(20, 2),
(21, 3),
(22, 3),
(23, 5),
(24, 11),
(25, 11)
GO

INSERT INTO Produto (Nome, PrecoAtual, Unidade, IdCategoria, CodigoCooperativa)
    VALUES
('Maçã Gala', 2, 'kg', 15, 1),
('Maçã Golden', 3, 'kg', 15, 1),
('Laranja', 2, 'kg', 15, 1),
('Batata Vermelha', 2, 'kg', 16, 1),
('Batata Doce Laranja', 2, 'kg', 16, 1),
('Alface', 1, 'unidade', 16, 1),
('Nabo', 2, 'kg', 16, 1),
('Amendoim Torrado', 2, 'kg', 17, 1),
('Amendoim Simples', 2, 'kg', 17, 1),
('Noz Sem Casca', 5, 'kg', 18, 1),
('Amêndoa', 4, 'kg', 19, 1),
('Semente de Chia', 3, 'kg', 20, 1),
('Tremoço', 1, 'kg', 21, 1),
('Azeitona Verde', 1, 'kg', 22, 1),
('Azeitona Preta', 1, 'kg', 22, 1),
('Maçã', 2, 'kg', 5, 2),
('Uva', 3, 'kg', 5, 2),
('Manga', 4, 'kg', 23, 2),
('Tomate', 3, 'kg', 6, 2),
('Pepino', 3, 'kg', 6, 2),
('Amêndoa', 5, 'kg', 7, 2),
('Semente de Abóbora', 2, 'kg', 8, 2),
('Tremoço', 1, 'kg', 9, 2),
('Azeitona', 1, 'kg', 9, 2),
('Coentro', 1, 'kg', 10, 2),
('Tomilho', 1, 'kg', 10, 2),
('Hortelã', 1, 'kg', 10, 2),
('Pêra', 2, 'kg', 24, 3),
('Tangerina', 2, 'kg', 24, 3),
('Pêssego', 3, 'kg', 24, 3),
('Repolho', 3, 'kg', 25, 3),
('Alface', 3, 'kg', 25, 3),
('Couve Galega', 3, 'kg', 25, 3),
('Alho Francês', 3, 'kg', 25, 3),
('Pinhão', 200, 'kg', 12, 3),
('Avelã', 5, 'kg', 12, 3),
('Castanha', 4, 'kg', 12, 3),
('Semente de Abóbora', 2, 'kg', 13, 3),
('Semente de Girassol', 2, 'kg', 13, 3),
('Semente de Linhaça', 2, 'kg', 13, 3),
('Azeitona Verde', 1, 'kg', 14, 3),
('Azeitona Preta', 1, 'kg', 14, 3),
('Cortiça em Rolo 4mm', 7, 'm²', 26, 1),
('Mel', 10, 'l', 27, 2),
('Mel', 10, 'l', 27, 1)
GO

INSERT INTO HistoricoPreco (Preco, DataInicio, DataFim, IdProduto)
    VALUES
(4.5, '2022-07-01', '2022-07-31', 21),
(1.8, '2022-07-01', '2022-07-31', 22),
(198, '2022-07-01', '2022-07-31', 35),
(6.5, '2022-07-01', '2022-07-31', 43)
GO 

INSERT INTO Associado (Nome, Telefone, NIF,CodigoCooperativa)
    VALUES
('Zé das Abelhas', 901111111, 201111111, 1),
('Legumitos, S.A.', 902222222, 502222222, 1),
('Linhares e Irmãos, Lda.', 903333333, 503333333, 1),
('Manuel Joaquim Silvério', 904444444, 204444444, 2),
('Esteves & Esteves, Lda.', 905555555, 505555555, 2),
('Soprascol, S.A.', 906666666, 506666666, 2),
('Francisco Monteiro', 907777777, 207777777, 3),
('Árvores de Fruto, Lda.', 908888888, 508888888, 3),
('As Melhores Batatas do Mundo e Outros Também, S.A.', 909999999, 509999999, 3)
GO

INSERT INTO Autorizar (IdAssociado, IdProduto, Data, IsBlocked)
    VALUES 
(1, 44, '2022-05-03', 0),
(1, 43, '2022-05-03', 0),
(1, 10, '2022-05-06', 0),
(1, 11, '2022-05-06', 0),
(1, 12, '2022-05-06', 0),
(1, 13, '2022-05-06', 0),
(1, 14, '2022-05-06', 0),
(1, 15, '2022-05-06', 0),
(2, 4, '2022-05-03', 0),
(2, 5, '2022-05-03', 0),
(2, 6, '2022-05-06', 0),
(2, 7, '2022-05-06', 0),
(2, 1, '2022-05-06', 0),
(2, 3, '2022-05-06', 0),
(2, 2, '2022-05-06', 0),
(2, 10, '2022-05-06', 0),
(2, 11, '2022-05-06', 0),
(2, 12, '2022-05-06', 0),
(2, 13, '2022-05-06', 0),
(2, 14, '2022-05-06', 0),
(2, 15, '2022-05-06', 0),
(3, 1, '2022-05-07', 0),
(3, 2, '2022-06-03', 0),
(3, 3, '2022-05-04', 0),
(3, 4, '2022-05-03', 0),
(3, 5, '2022-05-04', 0),
(3, 6, '2022-05-03', 0),
(3, 7, '2022-05-04', 0),
(3, 8, '2022-05-03', 0),
(3, 9, '2022-05-04', 0),
(3, 10, '2022-05-03', 0),
(4, 16, '2022-05-03', 0),
(4, 17, '2022-05-03', 0),
(4, 18, '2022-05-03', 0),
(4, 19, '2022-05-03', 0),
(4, 20, '2022-05-03', 0),
(4, 21, '2022-05-03', 0),
(4, 22, '2022-05-03', 0),
(4, 23, '2022-05-03', 0),
(4, 24, '2022-05-03', 0),
(4, 25, '2022-05-03', 0),
(4, 26, '2022-05-03', 0),
(4, 27, '2022-05-03', 0),
(5, 16, '2022-05-01', 0),
(5, 17, '2022-05-01', 0),
(5, 18, '2022-05-01', 0),
(5, 19, '2022-05-01', 0),
(5, 20, '2022-05-01', 0),
(5, 21, '2022-05-01', 0),
(5, 22, '2022-05-01', 0),
(5, 23, '2022-05-01', 0),
(5, 24, '2022-05-01', 0),
(5, 25, '2022-05-01', 0),
(5, 26, '2022-05-01', 0),
(5, 27, '2022-05-01', 0),
(6, 16, '2022-05-04', 0),
(6, 17, '2022-05-04', 0),
(6, 18, '2022-05-04', 0),
(6, 19, '2022-05-04', 0),
(6, 20, '2022-05-04', 0),
(6, 21, '2022-05-04', 0),
(6, 22, '2022-05-04', 0),
(6, 23, '2022-05-04', 0),
(6, 24, '2022-05-04', 0),
(6, 25, '2022-05-04', 0),
(6, 26, '2022-05-04', 0),
(6, 27, '2022-05-04', 0),
(6, 44, '2022-05-04', 0),
(7, 28, '2022-06-10', 0),
(7, 29, '2022-06-10', 0),
(7, 30, '2022-06-10', 0),
(7, 31, '2022-06-10', 0),
(7, 32, '2022-06-10', 0),
(7, 33, '2022-06-10', 0),
(7, 34, '2022-06-10', 0),
(7, 35, '2022-06-10', 0),
(7, 36, '2022-06-10', 0),
(7, 37, '2022-06-10', 0),
(7, 38, '2022-06-10', 0),
(7, 39, '2022-06-10', 0),
(7, 40, '2022-06-10', 0),
(7, 41, '2022-06-10', 0),
(7, 42, '2022-06-10', 0),
(8, 28, '2022-06-12', 0),
(8, 29, '2022-06-12', 0),
(8, 30, '2022-06-12', 0),
(8, 31, '2022-06-12', 0),
(8, 32, '2022-06-12', 0),
(8, 33, '2022-06-12', 0),
(8, 34, '2022-06-12', 0),
(8, 35, '2022-06-12', 0),
(8, 36, '2022-06-12', 0),
(8, 37, '2022-06-12', 0),
(8, 38, '2022-06-12', 0),
(8, 39, '2022-06-12', 0),
(8, 40, '2022-06-12', 0),
(8, 41, '2022-06-12', 0),
(8, 42, '2022-06-12', 0),
(9, 28, '2022-06-15', 0),
(9, 29, '2022-06-15', 0),
(9, 30, '2022-06-15', 0),
(9, 31, '2022-06-15', 0),
(9, 32, '2022-06-15', 0),
(9, 33, '2022-06-15', 0),
(9, 34, '2022-06-15', 0),
(9, 35, '2022-06-15', 0),
(9, 36, '2022-06-15', 0),
(9, 37, '2022-06-15', 0),
(9, 38, '2022-06-15', 0),
(9, 39, '2022-06-15', 0),
(9, 40, '2022-06-15', 0),
(9, 41, '2022-06-15', 0),
(9, 42, '2022-06-15', 1)
GO

INSERT INTO Plano (Nome, Preco, Descricao, Ativo)
    VALUES
('Cesta Básica', 20, '1x/sem. Tamanho P. Lorem ipsum dolor sit amet, consectetur adipiscing elit.', 0),
('Cesta Agradável', 20, '1x/sem. Tamanho P. Lorem ipsum dolor sit amet, consectetur adipiscing elit.', 1),
('Cesta Amorosa', 30, '1x/sem. Tamanho M. Praesent tincidunt est non enim commodo, quis eleifend odio maximus.', 1),
('Cesta Supimpa', 40, '1x/sem. Tamanho L. Nulla dui tellus, bibendum sed justo vitae, viverra mattis dolor.', 1)
GO

INSERT INTO Cliente (Nome, Apelido, Email, Sexo, NIF, CoordWhat3, CodigoCooperativa)
    VALUES
('Ana', 'Mendes', 'anamendes@as.com', 'F', 111111111, '///arame.iludida.sobem', 1),
('Bárbara', 'Barros', 'barbarabarros@coisas.com', 'F', 222222222, '///feminista.caldinho.mobilizações', 1),
('Rita', 'Amaral', 'ritaamaral@que.com', 'F', 333333333, '///rouca.espertas.preservo', 1),
('Sandra', 'Santos', 'sandrasantos@uma.com', 'F', 444444444, '///menino.fogem.raiz', 1),
('Rafaela', 'Guerra', 'rafaelaguerra@pessoa.com', 'F', 555555555, '///sair.pratinho.isca', 1),
('Ana', 'Esteves', 'anaesteves@faz.com', 'F', 666666666, '///suas.tento.ternos', 2),
('Inês', 'Almeida', 'inesalmeida@na.com', 'F', 777777777, '///saltou.luas.esses', 2),
('Francisca', 'Lobo', 'franciscalobo@vida.com', 'F', 888888888, '///mansas.reflito.suflê', 2),
('Teresa', 'Matos', 'teresamatos@como.com', 'F', 999999999, '///doces.lutou.virá', 2),
('Silvana', 'Rebelo', 'silvanarebelo@e.com', 'F', 111101111, '///acabam.interceptado.balões', 2),
('Elisa', 'Fernandes', 'elisafernandes@que.com', 'F', 222022222, '///pontes.narina.vejo', 3),
('Luísa', 'Cabral', 'luisacabral@me.com', 'F', 333303333, '///lucros.suado.selada', 3),
('Constança', 'Costa', 'constancacosta@meti.com', 'F', 444404444, '///chorar.toque.erra', 3),
('Maria', 'Alves', 'mariaalves@.nisto.com', 'F', 555505555, '///promova.abriga.prole', 3),
('Maria', 'Fontes', 'mariafontes@duvidas.com', 'F', 666606666, '///penal.pomposo.móvel', 3),
('Manuel', 'Cortês', 'manuelcortes@existenciais.com', 'M', 777707777, '///agosto.dama.grampo', 1),
('Miguel', 'Lisboa', 'miguelisboa@ai.com', 'M', 888808888, '///agosto.dama.grampo', 1),
('Manuel', 'Cortês', 'manuelcortes@as.com', 'M', 999909999, '///panelão.viveu.mestre', 1),
('André', 'Ribeiro', 'andreribeiro@saudades.com', 'M', 111121111, '///deles.joias.cuidou', 1),
('Diogo', 'Cardoso', 'diogocardoso@que.com', 'M', 222322222, '///pias.figa.encantam', 1),
('Diogo', 'Melo', 'diogomelo@eu.com', 'M', 333343333, '///calhar.revelar.salão', 2),
('Pedro', 'Monteiro', 'pedromonteiro@ja.com', 'M', 444454444, '///urso.desenhei.deixar', 2),
('Francisco', 'Silvares', 'franciscosilvares@tinha.com', 'M', 555565555, '///tenistas.jogam.ácidos', 2),
('Francisco', 'Amorim', 'franciscoamorim@da.com', 'M', 666676666, '///caramujo.irmão.adorei', 2),
('João', 'Teixeira', 'joaoteixeira@minha.com', 'M', 777787777, '///deteve.ligação.irriga', 2),
('João', 'Vila-Nova', 'joaovilanova@alegre.com', 'M', 888898888, '///saía.enxame.fofos', 3),
('José', 'Pratinha', 'zepratinha@casinha.com', 'M', 909999999, '///narramos.fome.júri', 3),
('Lourenço', 'Paiva', 'lourencopaiva@meu.com', 'M', 101111111, '///terno.fado.deusas', 3),
('Vicente', 'Capão', 'vicentecapao@deus.com', 'M', 202222222, '///surgiu.isto.blefe', 3),
('José', 'Dória', 'josedoria@como.com', 'M', 303333333, '///abanar.desejou.haverá', 3)
GO 

INSERT INTO Subscrever (IdCliente, Data, CodigoPlano)
    VALUES
(1, '2022-07-10', 2),
(2, '2022-07-10', 2),
(3, '2022-07-10', 3),
(4, '2022-07-10', 3),
(5, '2022-07-10', 4),
(6, '2022-07-10', 2),
(7, '2022-07-17', 2),
(8, '2022-07-17', 3),
(9, '2022-07-17', 3),
(10, '2022-07-17', 4),
(11, '2022-07-17', 2),
(12, '2022-07-17', 2),
(13, '2022-07-17', 3),
(14, '2022-07-17', 3),
(15, '2022-07-17', 4),
(16, '2022-07-17', 2),
(17, '2022-07-17', 2),
(18, '2022-08-16', 3),
(21, '2022-08-16', 2),
(22, '2022-08-16', 2),
(23, '2022-08-16', 3),
(26, '2022-08-16', 2),
(27, '2022-08-16', 2),
(28, '2022-08-16', 3)
GO

INSERT INTO TelefoneCliente (IdCliente, Telefone)
    VALUES
(1, 991111111),
(1, 999991111),
(2, 992222222),
(3, 993333333),
(4, 994444444),
(5, 995555555),
(6, 996666666),
(7, 997777777),
(8, 998888888),
(9, 999999999),
(10, 992222202),
(11, 993333303),
(12, 994444404),
(13, 995555505),
(14, 996666606),
(15, 997777707),
(16, 998888808),
(17, 999999909),
(18, 992222022),
(19, 993333033),
(20, 994444044),
(21, 995555055),
(22, 996666066),
(23, 997777077),
(24, 998888088),
(25, 999999099),
(26, 992220022),
(27, 993330033),
(28, 994440044),
(29, 995550055),
(30, 996660066)
GO

INSERT INTO Associar (IdCliente, IdAssociado, Data, Motivo, Ativo)
    VALUES
(1, 1, '2022-07-10', default, 1),
(2, 2, '2022-07-10', default, 1),
(3, 3, '2022-07-10', default, 1),
(4, 1, '2022-07-10', default, 1),
(5, 2, '2022-07-10', default, 1),
(6, 4, '2022-07-10', default, 1),
(7, 5, '2022-07-17', default, 1),
(8, 6, '2022-07-17', 'Decidi experimentar este produtor.', 1),
(9, 4, '2022-07-17', default, 1),
(10, 5, '2022-07-17', default, 1),
(11, 7, '2022-07-17', default, 1),
(12, 8, '2022-07-17', default, 1),
(13, 9, '2022-07-17', default, 1),
(14, 7, '2022-07-17', default, 1),
(15, 8, '2022-07-17', default, 1),
(16, 1, '2022-07-17', default, 1),
(17, 2, '2022-07-17', default, 1),
(18, 3, '2022-08-16', default, 1),
(19, 1, '2022-08-16', default, 1),
(21, 4, '2022-08-16', default, 1),
(22, 4, '2022-08-16', default, 1),
(23, 5, '2022-08-16', default, 1),
(24, 6, '2022-08-16', default, 1),
(26, 7, '2022-08-16', default, 1),
(27, 8, '2022-08-16', default, 1),
(28, 9, '2022-08-16', default, 1),
(29, 7, '2022-08-16', default, 1)
GO

INSERT INTO Cabaz (Data, PrecoTotal, IdAssociado, CodigoPlano, IdCliente)
    VALUES
-- 6 subscrições de 10-07, entrega a 14-07
('2022-07-14', 7.5, 1, 2, 1),
('2022-07-14', 5, 2, 2, 2),
('2022-07-14', 14, 3, 3, 3),
('2022-07-14', 15, 1, 3, 4),
('2022-07-14', 18, 2, 4, 5),
('2022-07-14', 9, 4, 2, 6),
-- 6 subscrições de 10-07, entrega a 21-07
('2022-07-21', 8, 1, 2, 1),
('2022-07-21', 7, 2, 2, 2),
('2022-07-21', 20, 3, 3, 3),
('2022-07-21', 16, 1, 3, 4),
('2022-07-21', 21, 2, 4, 5),
('2022-07-21', 10, 4, 2, 6),
-- 11 subscrições de 17-07, entrega 21-07
('2022-07-21', 9, 5, 2, 7),
('2022-07-21', 22, 6, 3, 8),  
('2022-07-21', 16, 4, 3, 9),
('2022-07-21', 27, 5, 4, 10), 
('2022-07-21', 7, 7, 2, 11),
('2022-07-21', 7, 8, 2, 12), 
('2022-07-21', 25, 9, 3, 13),
('2022-07-21', 14, 7, 3, 14),
('2022-07-21', 21, 8, 4, 15),
('2022-07-21', 8, 1, 2, 16), 
('2022-07-21', 7, 2, 2, 17),
-- 6 subscrições de 10-07, entrega a 28-07
('2022-07-28', 10, 1, 2, 1),
('2022-07-28', 6, 2, 2, 2),
('2022-07-28', 8, 3, 3, 3), 
('2022-07-28', 20, 1, 3, 4), 
('2022-07-28', 18, 2, 4, 5),
('2022-07-28', 9, 4, 2, 6),
-- 11 subscrições de 17-07, entrega a 28-07
('2022-07-28', 8, 5, 2, 7),
('2022-07-28', 14, 6, 3, 8),
('2022-07-28', 18, 4, 3, 9),
('2022-07-28', 24, 5, 4, 10),
('2022-07-28', 10, 7, 2, 11),
('2022-07-28', 10, 8, 2, 12),
('2022-07-28', 7, 9, 3, 13),
('2022-07-28', 20, 7, 3, 14),
('2022-07-28', 30, 8, 4, 15),
('2022-07-28', 10, 1, 2, 16),
('2022-07-28', 6, 2, 2, 17),
-- 6 subscrições de 10-07, entrega a 04-08
('2022-08-04', 9, 1, 2, 1),
('2022-08-04', 10, 2, 2, 2),
('2022-08-04', 12, 3, 3, 3),
('2022-08-04', 19, 1, 3, 4),
('2022-08-04', 30, 2, 4, 5),
('2022-08-04', 9, 4, 2, 6),
-- 11 subscrições de 17-07, entrega a 04-08
('2022-08-04', 7, 5, 2, 7),
('2022-08-04', 14, 6, 3, 8),
('2022-08-04', 18, 4, 3, 9),
('2022-08-04', 21, 5, 4, 10),
('2022-08-04', 10, 7, 2, 11),
('2022-08-04', 10, 8, 2, 12),
('2022-08-04', 14, 9, 3, 13),
('2022-08-04', 20, 7, 3, 14),
('2022-08-04', 32, 8, 4, 15),
('2022-08-04', 9, 1, 2, 16),
('2022-08-04', 7, 2, 2, 17),
--6 subscrições de 10-07, entrega a 04-08
('2022-08-11', 8, 1, 2, 1),
('2022-08-11', 8, 2, 2, 2),
('2022-08-11', 12, 3, 3, 3),
('2022-08-11', 16, 1, 3, 4),
('2022-08-11', 24, 2, 4, 5),
('2022-08-11', 7, 4, 2, 6),
-- 11 subscrições de 17-07, entrega a 04-08
('2022-08-11', 6, 5, 2, 7),
('2022-08-11', 14, 6, 3, 8),
('2022-08-11', 12, 4, 3, 9),
('2022-08-11', 18, 5, 4, 10),
('2022-08-11', 8, 7, 2, 11),
('2022-08-11', 9, 8, 2, 12),
('2022-08-11', 14, 9, 3, 13),
('2022-08-11', 18, 7, 3, 14),
('2022-08-11', 27, 8, 4, 15),
('2022-08-11', 8, 1, 2, 16),
('2022-08-11', 6, 2, 2, 17)
GO

INSERT INTO DetalheCabaz (IdCabaz, IdProduto, PrecoUnit, Qtd, Preco)
    VALUES
-- Associado 1, Plano 2
(1, 10, 5, 0.5, 2.5),
(1, 44, 10, 0.1, 1),
(1, 11, 4, 1, 4),
-- Associado 2, Plano 2
(2, 1, 2, 1, 2),
(2, 3, 2, 1, 1),
(2, 4, 2, 1, 2),
-- Associado 3, Plano 3
(3, 2, 3, 2, 6),
(3, 9, 2, 2, 4),
(3, 5, 2, 2, 4),
-- Associado 1, Plano 3 
(4, 10, 5, 1, 5),
(4, 44, 10, 0.2, 2),
(4, 11, 4, 2, 8),
-- Associado 2, Plano 4
(5, 1, 2, 3, 6),
(5, 3, 2, 3, 6),
(5, 4, 2, 3, 6),
-- Associado 4, Plano 2
(6, 16, 2, 1, 2),
(6, 17, 3, 1, 3),
(6, 18, 4, 1, 4),
-- Associado 1, Plano 2
(7, 12, 3, 1, 3),
(7, 13, 1, 3, 3),
(7, 14, 1, 2, 2),
-- Associado 2, Plano 2
(8, 2, 3, 1, 3),
(8, 5, 3, 1, 3),
(8, 6, 1, 1, 1),
-- Associado 3, Plano 3
(9, 4, 2, 2, 12),
(9, 6, 1, 2, 2),
(9, 7, 2, 3, 6),
-- Associado 1, Plano 3
(10, 12, 3, 2, 6),
(10, 13, 1, 6, 6),
(10, 14, 1, 4, 4),
-- Associado 2, Plano 4
(11, 2, 3, 3, 9),
(11, 5, 3, 3, 9),
(11, 6, 1, 3, 3),
-- Associado 4, Plano 2
(12, 17, 3, 1, 3),
(12, 18, 4, 1, 4),
(12, 19, 3, 1, 3),
-- Associado 5, Plano 2
(13, 20, 3, 1, 3),
(13, 21, 5, 1, 5),
(13, 24, 1, 1, 1),
-- Associado 6, Plano 3
(14, 44, 10, 2, 20),
(14, 27, 1, 1, 1),
(14, 24, 1, 1, 1),
-- Associado 4, Plano 3
(15, 17, 3, 2, 6),
(15, 18, 4, 1, 4),
(15, 19, 3, 2, 6),
-- Associado 5, Plano 4
(16, 20, 3, 3, 9),
(16, 21, 5, 3, 15),
(16, 24, 1, 3, 3),
-- Associado 7, Plano 2
(17, 28, 2, 1, 2),
(17, 33, 3, 1, 3),
(17, 42, 1, 2, 2),
-- Associado 8, Plano 2
(18, 29, 2, 1, 2),
(18, 33, 3, 1, 3),
(18, 35, 200, 0.01, 2),
-- Associado 9, Plano 3
(19, 39, 2, 1, 2),
(19, 35, 200, 0.1, 20),
(19, 31, 3, 1, 3),
-- Associado 7, Plano 3
(20, 28, 2, 2, 4),
(20, 33, 3, 2, 6),
(20, 42, 1, 4, 4),
-- Associado 8, Plano 4
(21, 29, 2, 1, 2),
(21, 33, 3, 1, 3),
(21, 35, 200, 0.08, 16),
-- Associado 1, Plano 2
(22, 12, 3, 1, 3),
(22, 13, 1, 3, 3),
(22, 14, 1, 2, 2),
-- Associado 2, Plano 2
(23, 2, 3, 1, 3),
(23, 5, 3, 1, 3),
(23, 6, 1, 1, 1),
-- Associado 1, Plano 2
(24, 10, 5, 1, 5),
(24, 11, 4, 1, 4),
(24, 15, 1, 1, 1),
-- Associado 2, Plano 2
(25, 3, 2, 1, 2),
(25, 4, 2, 1, 2),
(25, 1, 2, 1, 2),
-- Associado 3, Plano 3
(26, 4, 2, 1, 2),
(26, 7, 2, 1, 2),
(26, 9, 2, 2, 4),
-- Associado 1, Plano 3
(27, 10, 5, 2, 10),
(27, 11, 4, 2, 8),
(27, 15, 1, 2, 2),
-- Associado 2, Plano 4
(28, 3, 2, 3, 6),
(28, 4, 2, 3, 6),
(28, 1, 2, 3, 6),
-- Associado 4, Plano 2
(29, 17, 3, 1, 3),
(29, 19, 3, 1, 3),
(29, 22, 3, 1, 3),
-- Associado 5, Plano 2
(30, 18, 4, 1, 4),
(30, 20, 3, 1, 3),
(30, 23, 1, 1, 1),
-- Associado 6, Plano 3
(31, 21, 5, 2, 10),
(31, 24, 1, 2, 2),
(31, 25, 1, 2, 2),
-- Associado 4, Plano 3
(32, 17, 3, 2, 6),
(32, 19, 3, 2, 6),
(32, 22, 3, 2, 6),
-- Associado 5, Plano 4
(33, 18, 4, 3, 12),
(33, 20, 3, 3, 9),
(33, 23, 1, 3, 3),
-- Associado 7, Plano 2
(34, 30, 3, 1, 3),
(34, 34, 3, 1, 3),
(34, 37, 4, 1, 4),
-- Associado 8, Plano 2
(35, 31, 3, 1, 3),
(35, 36, 5, 1, 5),
(35, 38, 2, 1, 2),
-- Associado 9, Plano 3
(36, 32, 3, 1, 3),
(36, 38, 2, 1, 2),
(36, 40, 2, 1, 2),
-- Associado 7, Plano 2
(37, 30, 3, 2, 6),
(37, 34, 3, 2, 6),
(37, 37, 4, 2, 8),
-- Associado 8, Plano 4
(38, 31, 3, 3, 9),
(38, 36, 5, 3, 15),
(38, 38, 2, 3, 6),
-- Associado 1, Plano 2
(39, 10, 5, 1, 5),
(39, 11, 4, 1, 4),
(39, 15, 1, 1, 1),
-- Associado 2, Plano 2
(40, 3, 2, 1, 2),
(40, 4, 2, 1, 2),
(40, 1, 2, 1, 2),
-- Associado 1, Plano 2
(41, 43, 7, 1, 7),
(41, 44, 10, 0.1, 1),
(41, 13, 1, 1, 1),
-- Associado 2, Plano 2
(42, 11, 4, 1, 4),
(42, 15, 1, 1, 1),
(42, 10, 5, 1, 5),
-- Associado 3, Plano 3
(43, 5, 2, 2, 4),
(43, 7, 2, 2, 4),
(43, 6, 1, 4, 4),
-- Associado 1, Plano 3
(44, 43, 7, 2, 14),
(44, 44, 10, 0.3, 3),
(44, 13, 1, 2, 2),
-- Associado 2, Plano 4
(45, 11, 4, 3, 12),
(45, 15, 1, 3, 3),
(45, 10, 5, 3, 15),
-- Associado 4, Plano 2
(46, 19, 3, 1, 3),
(46, 20, 3, 1, 3),
(46, 23, 1, 1, 3),
-- Associado 5, Plano 2
(47, 21, 5, 1, 5),
(47, 26, 1, 1, 1),
(47, 27, 1, 1, 1),
-- Associado 6, Plano 3
(48, 16, 2, 2, 4),
(48, 25, 1, 4, 4),
(48, 17, 3, 2, 6),
-- Associado 4, Plano 3
(49, 19, 3, 2, 6),
(49, 21, 5, 2, 10),
(49, 24, 1, 2, 2),
-- Associado 5, Plano 4
(50, 21, 5, 3, 15),
(50, 26, 1, 3, 3),
(50, 27, 1, 3, 3),
-- Associado 7, Plano 2
(51, 31, 3, 1, 3),
(51, 36, 5, 1, 5),
(51, 38, 2, 1, 2),
-- Associado 8, Plano 2
(52, 33, 3, 1, 3),
(52, 34, 3, 1, 3),
(52, 37, 4, 1, 4),
-- Associado 9, Plano 3
(53, 28, 2, 2, 4),
(53, 35, 200, 0.03, 6),
(53, 40, 2, 2, 4),
-- Associado 7, Plano 3
(54, 31, 3, 2, 6),
(54, 36, 5, 2, 10),
(54, 38, 2, 2, 4),
-- Associado 8, Plano 4
(55, 32, 3, 2, 6),
(55, 35, 200, 0.1, 20),
(55, 39, 2, 3, 6),
-- Associado 1, Plano 2
(56, 14, 1, 3, 3),
(56, 15, 1, 3, 3),
(56, 13, 1, 3, 3),
-- Associado 2, Plano 2
(57, 2, 3, 1, 3),
(57, 4, 2, 1, 2),
(57, 6, 1, 2, 2),
-- Associado 1, Plano 2
(58, 11, 4, 1, 4),
(58, 12, 3, 1, 3),
(58, 13, 1, 1, 1),
-- Associado 2, Plano 2
(59, 11, 4, 1, 4),
(59, 12, 3, 1, 3),
(59, 13, 1, 1, 1),
-- Associado 3, Plano 3
(60, 1, 2, 2, 4),
(60, 3, 2, 2, 4),
(60, 4, 2, 2, 4),
-- Associado 1, Plano 3
(61, 11, 4, 2, 8),
(61, 12, 3, 2, 6),
(61, 13, 1, 2, 2),
-- Associado 2, Plano 4
(62, 11, 4, 3, 12),
(62, 12, 3, 3, 9),
(62, 13, 1, 3, 3),
-- Associado 4, Plano 2
(63, 16, 2, 1, 2),
(63, 19, 3, 1, 3),
(63, 23, 1, 1, 2),
-- Associado 5, Plano 2
(64, 22, 2, 1, 2),
(64, 20, 3, 1, 3),
(64, 24, 1, 1, 1),
-- Associado 6, Plano 3
(65, 18, 4, 2, 8),
(65, 27, 1, 4, 4),
(65, 23, 1, 2, 2),
-- Associado 4, Plano 3
(66, 26, 1, 4, 4),
(66, 23, 1, 4, 4),
(66, 24, 1, 4, 4),
-- Associado 5, Plano 2
(67, 22, 2, 3, 6),
(67, 20, 3, 3, 9),
(67, 24, 1, 3, 3),
-- Associado 7, Plano 2
(68, 32, 3, 1, 3),
(68, 34, 3, 1, 3),
(68, 38, 2, 1, 2),
-- Associado 8, Plano 2
(69, 39, 2, 1, 2),
(69, 36, 5, 1, 5),
(69, 38, 2, 1, 2),
-- Associado 9, Plano 3
(70, 41, 1, 2, 2),
(70, 37, 4, 2, 8),
(70, 40, 2, 2, 4),
-- Associado 7, Plano 3
(71, 31, 3, 2, 6),
(71, 37, 4, 2, 8),
(71, 38, 2, 2, 4),
-- Associado 8, Plano 4
(72, 39, 2, 3, 6),
(72, 36, 5, 3, 15),
(72, 38, 2, 3, 6),
-- Associado 1, Plano 2
(73, 11, 4, 1, 4),
(73, 12, 3, 1, 3),
(73, 13, 1, 1, 1),
-- Associado 2, Plano 2
(74, 14, 1, 2, 2),
(74, 15, 1, 2, 2),
(74, 13, 1, 2, 2)
GO 